<?xml version="1.0" encoding="UTF-8" ?>
<!DOCTYPE mapper PUBLIC "-//mybatis.org//DTD Mapper 3.0//EN" "http://mybatis.org/dtd/mybatis-3-mapper.dtd" >
<mapper namespace="com.vanrui.mapper.TestInfoMapper" >
  <resultMap id="BaseResultMap" type="com.vanrui.model.TestInfo" >
    <!--
      WARNING - @mbggenerated
      This element is automatically generated by MyBatis Generator, do not modify.
    -->
    <id column="Id" property="id" jdbcType="INTEGER" />
    <result column="username" property="username" jdbcType="VARCHAR" />
    <result column="password" property="password" jdbcType="VARCHAR" />
    <result column="usertype" property="usertype" jdbcType="VARCHAR" />
    <result column="enabled" property="enabled" jdbcType="INTEGER" />
    <result column="realname" property="realname" jdbcType="VARCHAR" />
    <result column="qq" property="qq" jdbcType="VARCHAR" />
    <result column="email" property="email" jdbcType="VARCHAR" />
    <result column="tel" property="tel" jdbcType="VARCHAR" />
  </resultMap>
  <sql id="Base_Column_List" >
    <!--
      WARNING - @mbggenerated
      This element is automatically generated by MyBatis Generator, do not modify.
    -->
    Id, username, password, usertype, enabled, realname, qq, email, tel
  </sql>
  <select id="selectByPrimaryKey" resultMap="BaseResultMap" parameterType="java.lang.Integer" >
    <!--
      WARNING - @mbggenerated
      This element is automatically generated by MyBatis Generator, do not modify.
    -->
    select 
    <include refid="Base_Column_List" />
    from test_info
    where Id = #{id,jdbcType=INTEGER}
  </select>
  
    <select id="selectByName" resultMap="BaseResultMap" parameterType="com.vanrui.model.TestInfo" >
    <!--
      WARNING - @mbggenerated
      This element is automatically generated by MyBatis Generator, do not modify.
    -->
    select 
    <include refid="Base_Column_List" />
    from test_info
    where username = #{username,jdbcType=INTEGER}
  </select>
  
  
  
  <delete id="deleteByPrimaryKey" parameterType="java.lang.Integer" >
    <!--
      WARNING - @mbggenerated
      This element is automatically generated by MyBatis Generator, do not modify.
    -->
    delete from test_info
    where Id = #{id,jdbcType=INTEGER}
  </delete>
  <insert id="insert" parameterType="com.vanrui.model.TestInfo" >
    <!--
      WARNING - @mbggenerated
      This element is automatically generated by MyBatis Generator, do not modify.
    -->
    <selectKey resultType="java.lang.Integer" keyProperty="id" order="AFTER" >
      SELECT LAST_INSERT_ID()
    </selectKey>
    insert into test_info (username, password, usertype, 
      enabled, realname, qq, 
      email, tel)
    values (#{username,jdbcType=VARCHAR}, #{password,jdbcType=VARCHAR}, #{usertype,jdbcType=VARCHAR}, 
      #{enabled,jdbcType=INTEGER}, #{realname,jdbcType=VARCHAR}, #{qq,jdbcType=VARCHAR}, 
      #{email,jdbcType=VARCHAR}, #{tel,jdbcType=VARCHAR})
  </insert>
  <insert id="insertSelective" parameterType="com.vanrui.model.TestInfo" >
    <!--
      WARNING - @mbggenerated
      This element is automatically generated by MyBatis Generator, do not modify.
    -->
    <selectKey resultType="java.lang.Integer" keyProperty="id" order="AFTER" >
      SELECT LAST_INSERT_ID()
    </selectKey>
    insert into test_info
    <trim prefix="(" suffix=")" suffixOverrides="," >
      <if test="username != null" >
        username,
      </if>
      <if test="password != null" >
        password,
      </if>
      <if test="usertype != null" >
        usertype,
      </if>
      <if test="enabled != null" >
        enabled,
      </if>
      <if test="realname != null" >
        realname,
      </if>
      <if test="qq != null" >
        qq,
      </if>
      <if test="email != null" >
        email,
      </if>
      <if test="tel != null" >
        tel,
      </if>
    </trim>
    <trim prefix="values (" suffix=")" suffixOverrides="," >
      <if test="username != null" >
        #{username,jdbcType=VARCHAR},
      </if>
      <if test="password != null" >
        #{password,jdbcType=VARCHAR},
      </if>
      <if test="usertype != null" >
        #{usertype,jdbcType=VARCHAR},
      </if>
      <if test="enabled != null" >
        #{enabled,jdbcType=INTEGER},
      </if>
      <if test="realname != null" >
        #{realname,jdbcType=VARCHAR},
      </if>
      <if test="qq != null" >
        #{qq,jdbcType=VARCHAR},
      </if>
      <if test="email != null" >
        #{email,jdbcType=VARCHAR},
      </if>
      <if test="tel != null" >
        #{tel,jdbcType=VARCHAR},
      </if>
    </trim>
  </insert>
  <update id="updateByPrimaryKeySelective" parameterType="com.vanrui.model.TestInfo" >
    <!--
      WARNING - @mbggenerated
      This element is automatically generated by MyBatis Generator, do not modify.
    -->
    update test_info
    <set >
      <if test="username != null" >
        username = #{username,jdbcType=VARCHAR},
      </if>
      <if test="password != null" >
        password = #{password,jdbcType=VARCHAR},
      </if>
      <if test="usertype != null" >
        usertype = #{usertype,jdbcType=VARCHAR},
      </if>
      <if test="enabled != null" >
        enabled = #{enabled,jdbcType=INTEGER},
      </if>
      <if test="realname != null" >
        realname = #{realname,jdbcType=VARCHAR},
      </if>
      <if test="qq != null" >
        qq = #{qq,jdbcType=VARCHAR},
      </if>
      <if test="email != null" >
        email = #{email,jdbcType=VARCHAR},
      </if>
      <if test="tel != null" >
        tel = #{tel,jdbcType=VARCHAR},
      </if>
    </set>
    where Id = #{id,jdbcType=INTEGER}
  </update>
  <update id="updateByPrimaryKey" parameterType="com.vanrui.model.TestInfo" >
    <!--
      WARNING - @mbggenerated
      This element is automatically generated by MyBatis Generator, do not modify.
    -->
    update test_info
    set username = #{username,jdbcType=VARCHAR},
      password = #{password,jdbcType=VARCHAR},
      usertype = #{usertype,jdbcType=VARCHAR},
      enabled = #{enabled,jdbcType=INTEGER},
      realname = #{realname,jdbcType=VARCHAR},
      qq = #{qq,jdbcType=VARCHAR},
      email = #{email,jdbcType=VARCHAR},
      tel = #{tel,jdbcType=VARCHAR}
    where Id = #{id,jdbcType=INTEGER}
  </update>

  <select id="queryByParams" resultType="com.vanrui.model.TestInfo"  >
    select
    <include refid="Base_Column_List" />
    from test_info
  </select>
</mapper>