<?xml version="1.0" encoding="UTF-8" ?>
<!DOCTYPE generatorConfiguration PUBLIC "-//mybatis.org//DTD MyBatis Generator Configuration 1.0//EN"
        "http://mybatis.org/dtd/mybatis-generator-config_1_0.dtd" >
<generatorConfiguration>
	
	<context id="marketing" targetRuntime="MyBatis3"
		defaultModelType="flat">
		<property name="javaFileEncoding" value="UTF-8" />

		<plugin type="org.mybatis.generator.plugins.ToStringPlugin" />

		<commentGenerator type="org.mybatis.generator.internal.DefaultCommentGenerator">
			<property name="suppressDate" value="true" />
			<!-- 是否去除自动生成的注释 true：是 ： false:否 -->
			<property name="suppressAllComments" value="false" />
		</commentGenerator>

		<!--数据库链接URL，用户名、密码 -->
		<jdbcConnection driverClass="com.mysql.jdbc.Driver"
						connectionURL="jdbc:mysql://192.168.37.16:3306/manage"
						userId="root" password="root">
		</jdbcConnection>
		<javaTypeResolver>
			<property name="forceBigDecimals" value="false" />
		</javaTypeResolver>

		<!-- 生成模型的包名和位置 -->
		<javaModelGenerator targetPackage="com.vanrui.model"
			targetProject="/Users/scorp/Documents/inforeProject/env-manage/customer-api/src/main/java">
			<property name="enableSubPackages" value="true" />
			<property name="trimStrings" value="true" />
		</javaModelGenerator>
		<!-- 生成映射文件的包名和位置 -->
		<sqlMapGenerator targetPackage="mapper"
			targetProject="/Users/scorp/Documents/inforeProject/env-manage/customer-api/src/main/resources">
			<property name="enableSubPackages" value="true" />
		</sqlMapGenerator>
		<!-- 生成DAO的包名和位置 -->
		<javaClientGenerator type="XMLMAPPER"
							 targetPackage="com.vanrui.mapper"
			targetProject="/Users/scorp/Documents/inforeProject/env-manage/customer-api/src/main/java">
			<property name="enableSubPackages" value="true" />
		</javaClientGenerator>

		<table tableName="video_ipc" domainObjectName="VideoIpc"
			enableCountByExample="false" enableUpdateByExample="false"
			enableDeleteByExample="false" enableSelectByExample="false"
			selectByExampleQueryId="false">
			<property name="ignoreQualifiersAtRuntime" value="true" />
			<generatedKey column="id" sqlStatement="MySql" identity="true" />
		</table>
	</context>
</generatorConfiguration>