<?xml version="1.0" encoding="UTF-8"?>
<!-- 该xml配置中,xml元素大小写不敏感 -->
<!-- status="off",log4j2把自身事件记录到控制台的配置，off表示不记录，其余的记录有trace，debug，info，warn，error，fatal -->
<!-- monitorInterval表示检测更改配置的时间,单位是秒,最小间隔为5秒,0或负数表示不检测 -->
<configuration name="test-cfg" status="off" monitorInterval="0">

  <!-- 常量引用 -->
  <properties>
    <property name="LOG_HOME">d:/saas-user</property>
    <!--<property name="FORMAT">%d{HH:mm:ss.SSS} [%t] %-5level %logger{36} [%thread] [%X{req.remoteHost}] [%X{req.requestURI}] [%X{traceId}] %logger - %msg%n"</property>-->
    <property name="FORMAT">%d{HH:mm:ss.SSS} [%t] %-5level [%X{ctxTraceId}]  %logger - %msg%n"</property>
  </properties>

  <!-- appender用于接收各种日志 -->
  <appenders>
    <!-- 常见的输出到console,常用于开发环境中,默认是system_err,还有一个system_out -->
    <console name="console" target="system_out">
      <!-- appender级别的日志过滤 -->
      <!-- <thresholdFilter level="info" onMatch="accept" onMismatch="deny"/> -->
      <patternLayout pattern="${FORMAT}" />
    </console>
    <!-- 这个会打印出所有的info及以下级别的信息，每次大小超过size，则这size大小的日志会自动存入按年份-月份建立的文件夹下面并进行压缩，作为存档-->
    <RollingFile name="RollingFileInfo" fileName="${LOG_HOME}/info.log"
      filePattern="${LOG_HOME}/$${date:yyyy-MM}/info-%d{yyyy-MM-dd}-%i.zip">
      <!--控制台只输出level及以上级别的信息（onMatch），其他的直接拒绝（onMismatch）-->
      <ThresholdFilter level="debug" onMatch="ACCEPT" onMismatch="DENY"/>
      <PatternLayout pattern="${FORMAT}"/>
      <Policies>
        <TimeBasedTriggeringPolicy/>
        <SizeBasedTriggeringPolicy size="10 MB"/>
      </Policies>
    </RollingFile>
    <RollingFile name="RollingFileError" fileName="${LOG_HOME}/error.log"
      filePattern="${LOG_HOME}/$${date:yyyy-MM}/error-%d{yyyy-MM-dd}-%i.zip">
      <ThresholdFilter level="error" onMatch="ACCEPT" onMismatch="DENY"/>
      <PatternLayout pattern="${FORMAT}"/>
      <Policies>
        <TimeBasedTriggeringPolicy/>
        <SizeBasedTriggeringPolicy size="10 MB"/>
      </Policies>
    </RollingFile>
  </appenders>

  <!-- 接收appender -->
  <loggers>
    <logger name="org.apache.http" level="warn" />
    <!-- Spring -->
    <logger name="org.springframework" level="WARN" />
    <logger name ="springfox.documentation" level="WARN" />
    <!-- mybatis loggers -->
  <!--  <logger name="com.ibatis" level="DEBUG" />
    <logger name="com.ibatis.common.jdbc.SimpleDataSource" level="DEBUG" />
    <logger name="com.ibatis.common.jdbc.ScriptRunner" level="DEBUG" />
    <logger name="com.ibatis.sqlmap.engine.impl.SqlMapClientDelegate" level="DEBUG" />-->
    <!-- sql loggers -->
    <logger name="java.sql.Connection" level="DEBUG"  additivity="true"/>
    <logger name="java.sql.Statement" level="DEBUG" additivity="true" />
    <logger name="java.sql.PreparedStatement" level="=debug,stdout"  additivity="true"/>
    <logger name="java.sql.ResultSet" level="DEBUG"  additivity="true"/>
    <!-- General Apache libraries -->
    <logger name="org.apache" level="WARN" />
    <!-- Default Shiro logging -->
    <!--<logger name="org.apache.shiro" level="WARN" />-->
    <!-- Disable verbose logging -->
    <!--<logger name="org.apache.shiro.util.ThreadContext" level="WARN" />-->
    <!--<logger name="org.apache.shiro.cache.ehcache.EhCache" level="WARN" />-->
    <!-- 对包进行更详细的配置 -->
    <!-- additivity表示是否追加,防止重复,因为root已经接收过一次了 -->
    <logger name="com.vanrui" level="debug" additivity="false">
      <appender-ref ref="console" />
      <appender-ref ref="RollingFileInfo" />
      <appender-ref ref="RollingFileError"/>
    </logger>
    <!-- root logger,一般用于放置所有的appender -->
    <root level="DEBUG">
      <appender-ref ref="console" />
      <appender-ref ref="RollingFileInfo"/>
      <appender-ref ref="RollingFileError"/>
    </root>
  </loggers>

</configuration>