<?xml version="1.0" encoding="UTF-8"?>
<!DOCTYPE mapper PUBLIC "-//mybatis.org//DTD Mapper 3.0//EN" "http://mybatis.org/dtd/mybatis-3-mapper.dtd">
<mapper namespace="com.vanrui.h2mapper.H2UserMapper">
  <resultMap id="BaseResultMap" type="com.vanrui.h2model.H2User">
    <id column="id" jdbcType="INTEGER" property="id" />
    <result column="name" jdbcType="INTEGER" property="name" />
    <result column="state" jdbcType="VARCHAR" property="state" />
    <result column="country" jdbcType="VARCHAR" property="country" />
  </resultMap>
  <sql id="Base_Column_List">
    name, state, country
  </sql>

  <insert id="insertSelective" parameterType="com.vanrui.h2model.H2User">
    insert into h2user
    <trim prefix="(" suffix=")" suffixOverrides=",">
      <if test="name != null">
        name,
      </if>
      <if test="state != null">
        state,
      </if>
      <if test="country != null">
        country,
      </if>
    </trim>
    <trim prefix="values (" suffix=")" suffixOverrides=",">
      <if test="name != null">
        #{name,jdbcType=VARCHAR},
      </if>
      <if test="state != null">
        #{state,jdbcType=VARCHAR},
      </if>
      <if test="country != null">
        #{country,jdbcType=VARCHAR},
      </if>
    </trim>
  </insert>

</mapper>